<?xml version="1.0"?>
<doc>
    <assembly>
        <name>Siemens.Collaboration.Net.TiaPortal.Presentation</name>
    </assembly>
    <members>
        <member name="T:Siemens.Collaboration.Net.TiaPortal.Presentation.Converters.PathToImageSourceConverter">
            <summary>
            Convert string to ImageSource and back
            </summary>
        </member>
        <member name="M:Siemens.Collaboration.Net.TiaPortal.Presentation.Converters.PathToImageSourceConverter.Convert(System.Object,System.Type,System.Object,System.Globalization.CultureInfo)">
            <summary>
            Convert string to image source
            </summary>
            <param name="value">Path to image</param>
            <param name="targetType">Target type of binding</param>
            <param name="parameter">Convertion parameter</param>
            <param name="culture">CultureInfo</param>
            <returns>BitmapImage of given path</returns>
        </member>
        <member name="M:Siemens.Collaboration.Net.TiaPortal.Presentation.Converters.PathToImageSourceConverter.ConvertBack(System.Object,System.Type,System.Object,System.Globalization.CultureInfo)">
            <summary>
            Convert image source to string
            </summary>
            <param name="value">Bitmap of image</param>
            <param name="targetType">Target type of path</param>
            <param name="parameter">Convertion parameter</param>
            <param name="culture">CultureInfo</param>
            <returns>Path of image</returns>
        </member>
        <member name="T:Siemens.Collaboration.Net.TiaPortal.Presentation.Converters.ProgressBarIndicator">
            <summary>
            Gets the appropriate image source for the current value
            </summary>
        </member>
        <member name="M:Siemens.Collaboration.Net.TiaPortal.Presentation.Converters.ProgressBarIndicator.Convert(System.Object,System.Type,System.Object,System.Globalization.CultureInfo)">
            <inheritdoc/>
        </member>
        <member name="M:Siemens.Collaboration.Net.TiaPortal.Presentation.Converters.ProgressBarIndicator.ConvertBack(System.Object,System.Type,System.Object,System.Globalization.CultureInfo)">
            <inheritdoc/>
        </member>
        <member name="T:Siemens.Collaboration.Net.TiaPortal.Presentation.Converters.TabControlSourceSelector">
            <summary>
            Select binding value dependent on the context
            </summary>
        </member>
        <member name="M:Siemens.Collaboration.Net.TiaPortal.Presentation.Converters.TabControlSourceSelector.Convert(System.Object,System.Type,System.Object,System.Globalization.CultureInfo)">
            <summary>
            Get binding value
            </summary>
            <param name="value">TabItem or ViewModel</param>
            <param name="targetType">Target type</param>
            <param name="parameter">Identifier</param>
            <param name="culture">Culture</param>
            <returns>Value of the binding</returns>
        </member>
        <member name="M:Siemens.Collaboration.Net.TiaPortal.Presentation.Converters.TabControlSourceSelector.ConvertBack(System.Object,System.Type,System.Object,System.Globalization.CultureInfo)">
            <inheritdoc/>
        </member>
        <member name="T:Siemens.Collaboration.Net.TiaPortal.Presentation.Converters.TreeViewItemLevelConverter">
            <summary>
            TreeViewItem level converter
            </summary>
        </member>
        <member name="M:Siemens.Collaboration.Net.TiaPortal.Presentation.Converters.TreeViewItemLevelConverter.Convert(System.Object,System.Type,System.Object,System.Globalization.CultureInfo)">
            <summary>
            Calculate indentation level for TreeViewItems
            </summary>
            <param name="value">The object to be indented</param>
            <param name="targetType">Thickness</param>
            <param name="parameter"></param>
            <param name="culture"></param>
            <returns></returns>
        </member>
        <member name="T:Siemens.Collaboration.Net.TiaPortal.Presentation.Converters.TreeViewItemIndentationConverter">
            <summary>
            TreeViewItem level converter
            </summary>
        </member>
        <member name="M:Siemens.Collaboration.Net.TiaPortal.Presentation.Converters.TreeViewItemIndentationConverter.Convert(System.Object,System.Type,System.Object,System.Globalization.CultureInfo)">
            <summary>
            Calculate indentation level for TreeViewItems
            </summary>
            <param name="value">The object to be indented</param>
            <param name="targetType">int</param>
            <param name="parameter">Parameter</param>
            <param name="culture">CultureInfo</param>
            <returns></returns>
        </member>
        <member name="M:Siemens.Collaboration.Net.TiaPortal.Presentation.Converters.TreeViewItemIndentationConverter.ConvertBack(System.Object,System.Type,System.Object,System.Globalization.CultureInfo)">
            <summary>
            Not implemented
            </summary>
            <param name="value">The indented level</param>
            <param name="targetType">TreeViewItem</param>
            <param name="parameter">Parameter</param>
            <param name="culture">CultureInfo</param>
            <returns></returns>
        </member>
        <member name="T:Siemens.Collaboration.Net.TiaPortal.Presentation.WindowHeader">
            <summary>
            Interaction logic for WindowHeader.xaml
            </summary>
            <summary>
            WindowHeader
            </summary>
        </member>
        <member name="M:Siemens.Collaboration.Net.TiaPortal.Presentation.WindowHeader.#ctor">
            <summary>
            Constructor of the WindowHeader control
            </summary>
        </member>
        <member name="M:Siemens.Collaboration.Net.TiaPortal.Presentation.WindowHeader.InitializeComponent">
            <summary>
            InitializeComponent
            </summary>
        </member>
        <member name="T:Siemens.Collaboration.Net.TiaPortal.Button">
            <summary>
            Attached properties for Button
            </summary>
        </member>
        <member name="T:Siemens.Collaboration.Net.TiaPortal.Button.ButtonStyle">
            <summary>
            Button style
            </summary>
        </member>
        <member name="F:Siemens.Collaboration.Net.TiaPortal.Button.ButtonStyle.Normal">
            <summary>
            Normal button style
            </summary>
        </member>
        <member name="F:Siemens.Collaboration.Net.TiaPortal.Button.ButtonStyle.Flat">
            <summary>
            Transparent background, no border brush
            </summary>
        </member>
        <member name="F:Siemens.Collaboration.Net.TiaPortal.Button.StyleProperty">
            <summary>
            Style of the button
            </summary>
        </member>
        <member name="M:Siemens.Collaboration.Net.TiaPortal.Button.GetStyle(System.Windows.UIElement)">
            <summary>
            Get button style
            </summary>
            <param name="target">Target element</param>
            <returns>The button style</returns>
        </member>
        <member name="M:Siemens.Collaboration.Net.TiaPortal.Button.SetStyle(System.Windows.UIElement,Siemens.Collaboration.Net.TiaPortal.Button.ButtonStyle)">
            <summary>
            Set button style
            </summary>
            <param name="target">Target element</param>
            <param name="buttonStyle">Button style</param>
        </member>
        <member name="F:Siemens.Collaboration.Net.TiaPortal.Button.IconProperty">
            <summary>
            Source of the icon
            </summary>
        </member>
        <member name="M:Siemens.Collaboration.Net.TiaPortal.Button.GetIcon(System.Windows.UIElement)">
            <summary>
            Get button icon source
            </summary>
            <param name="target">Target element</param>
            <returns>The button style</returns>
        </member>
        <member name="M:Siemens.Collaboration.Net.TiaPortal.Button.SetIcon(System.Windows.UIElement,System.String)">
            <summary>
            Set button icon source
            </summary>
            <param name="target">Target element</param>
            <param name="iconSource">Icon source</param>
        </member>
        <member name="T:Siemens.Collaboration.Net.TiaPortal.ProgressBar">
            <summary>
            Attached properties for ProgressBar
            </summary>
        </member>
        <member name="T:Siemens.Collaboration.Net.TiaPortal.ProgressBar.ProgressBarType">
            <summary>
            Type of the progress bar
            </summary>
        </member>
        <member name="F:Siemens.Collaboration.Net.TiaPortal.ProgressBar.ProgressBarType.Finite">
            <summary>
            Progress bar is finite
            </summary>
        </member>
        <member name="F:Siemens.Collaboration.Net.TiaPortal.ProgressBar.ProgressBarType.Infinite">
            <summary>
            Progress bar is infinite
            </summary>
        </member>
        <member name="F:Siemens.Collaboration.Net.TiaPortal.ProgressBar.TypeProperty">
            <summary>
            Type of the progress bar
            </summary>
        </member>
        <member name="M:Siemens.Collaboration.Net.TiaPortal.ProgressBar.GetType(System.Windows.UIElement)">
            <summary>
            Get progress bar Type
            </summary>
            <param name="target">Target element</param>
            <returns>The Type of the progress bar</returns>
        </member>
        <member name="M:Siemens.Collaboration.Net.TiaPortal.ProgressBar.SetType(System.Windows.UIElement,Siemens.Collaboration.Net.TiaPortal.ProgressBar.ProgressBarType)">
            <summary>
            Set progress bar type
            </summary>
            <param name="target">Target element</param>
            <param name="progressBarType">Progress bar type</param>
        </member>
        <member name="T:Siemens.Collaboration.Net.TiaPortal.TabItem">
            <summary>
            Attached properties for TabItem
            </summary>
        </member>
        <member name="F:Siemens.Collaboration.Net.TiaPortal.TabItem.IconProperty">
            <summary>
            Source for TreeViewItem Icon
            </summary>
        </member>
        <member name="M:Siemens.Collaboration.Net.TiaPortal.TabItem.SetIcon(System.Windows.DependencyObject,System.String)">
            <summary>
            Set icon for TabItem
            </summary>
            <param name="target">Target element</param>
            <param name="value">Icon source</param>
        </member>
        <member name="M:Siemens.Collaboration.Net.TiaPortal.TabItem.GetIcon(System.Windows.DependencyObject)">
            <summary>
            Get TreeViewItem icon
            </summary>
            <param name="target">Target element</param>
            <returns>The icon source</returns>
        </member>
        <member name="T:Siemens.Collaboration.Net.TiaPortal.TextBox">
            <summary>
            Attached properties for TextBox
            </summary>
        </member>
        <member name="F:Siemens.Collaboration.Net.TiaPortal.TextBox.UnitProperty">
            <summary>
            Unit of the textbox value
            </summary>
        </member>
        <member name="M:Siemens.Collaboration.Net.TiaPortal.TextBox.GetUnit(System.Windows.UIElement)">
            <summary>
            Get textbox unit
            </summary>
            <param name="target">Target element</param>
            <returns>The unit</returns>
        </member>
        <member name="M:Siemens.Collaboration.Net.TiaPortal.TextBox.SetUnit(System.Windows.UIElement,System.String)">
            <summary>
            Set textbox unit
            </summary>
            <param name="target">Target element</param>
            <param name="value">Unit</param>
        </member>
        <member name="F:Siemens.Collaboration.Net.TiaPortal.TextBox.HintProperty">
            <summary>
            Unit of the textbox value
            </summary>
        </member>
        <member name="M:Siemens.Collaboration.Net.TiaPortal.TextBox.GetHint(System.Windows.UIElement)">
            <summary>
            Get textbox unit
            </summary>
            <param name="target">Target element</param>
            <returns>The unit</returns>
        </member>
        <member name="M:Siemens.Collaboration.Net.TiaPortal.TextBox.SetHint(System.Windows.UIElement,System.String)">
            <summary>
            Set textbox unit
            </summary>
            <param name="target">Target element</param>
            <param name="value">Unit</param>
        </member>
        <member name="T:Siemens.Collaboration.Net.TiaPortal.TreeViewItem">
            <summary>
            Attached properties for TreeViewItem
            </summary>
        </member>
        <member name="F:Siemens.Collaboration.Net.TiaPortal.TreeViewItem.IconProperty">
            <summary>
            Source for TreeViewItem Icon
            </summary>
        </member>
        <member name="M:Siemens.Collaboration.Net.TiaPortal.TreeViewItem.SetIcon(System.Windows.DependencyObject,System.String)">
            <summary>
            Set icon for TreeViewItem
            </summary>
            <param name="target">Target element</param>
            <param name="value">Icon source</param>
        </member>
        <member name="M:Siemens.Collaboration.Net.TiaPortal.TreeViewItem.GetIcon(System.Windows.DependencyObject)">
            <summary>
            Get TreeViewItem icon
            </summary>
            <param name="target">Target element</param>
            <returns>The icon source</returns>
        </member>
        <member name="T:Siemens.Collaboration.Net.TiaPortal.TiaPortalUserControl">
            <summary>
            User control with TIA Portal style
            </summary>
        </member>
        <member name="M:Siemens.Collaboration.Net.TiaPortal.TiaPortalUserControl.#ctor">
            <summary>
            Constructor of the TIA Portal User Control
            </summary>
        </member>
        <member name="T:Siemens.Collaboration.Net.TiaPortal.TiaPortalWindow">
            <summary>
            Window with TIA Portal Window style
            </summary>
        </member>
        <member name="M:Siemens.Collaboration.Net.TiaPortal.TiaPortalWindow.#ctor">
            <summary>
            Constructor of the TIA Portal Window
            </summary>
        </member>
        <member name="M:Extensions.FixMaximize(System.Windows.Window)">
            <summary>
            Fixes the window size when WindowStyle.None is used. The window will no longer overlap the taskbar. Use this in Loaded event of the window.
            </summary>
            <param name="window">The window</param>
        </member>
        <member name="F:Extensions.POINT.x">
            <summary>
            x coordinate of point.
            </summary>
        </member>
        <member name="F:Extensions.POINT.y">
            <summary>
            y coordinate of point.
            </summary>
        </member>
        <member name="M:Extensions.POINT.#ctor(System.Int32,System.Int32)">
            <summary>
            Construct a point of coordinates (x,y).
            </summary>
        </member>
        <member name="T:System.Runtime.CompilerServices.IsExternalInit">
            <summary>
            Reserved to be used by the compiler for tracking metadata.
            This class should not be used by developers in source code.
            </summary>
        </member>
        <member name="T:System.Runtime.CompilerServices.ModuleInitializerAttribute">
            <summary>
            Attribute to mark the module initializer class.
            </summary>
        </member>
        <member name="T:System.Diagnostics.CodeAnalysis.AllowNullAttribute">
            <summary>Specifies that null is allowed as an input even if the corresponding type disallows it.</summary>
        </member>
        <member name="T:System.Diagnostics.CodeAnalysis.DisallowNullAttribute">
            <summary>Specifies that null is disallowed as an input even if the corresponding type allows it.</summary>
        </member>
        <member name="T:System.Diagnostics.CodeAnalysis.MaybeNullAttribute">
            <summary>Specifies that an output may be null even if the corresponding type disallows it.</summary>
        </member>
        <member name="T:System.Diagnostics.CodeAnalysis.NotNullAttribute">
            <summary>Specifies that an output will not be null even if the corresponding type allows it. Specifies that an input argument was not null when the call returns.</summary>
        </member>
        <member name="T:System.Diagnostics.CodeAnalysis.MaybeNullWhenAttribute">
            <summary>Specifies that when a method returns <see cref="P:System.Diagnostics.CodeAnalysis.MaybeNullWhenAttribute.ReturnValue"/>, the parameter may be null even if the corresponding type disallows it.</summary>
        </member>
        <member name="M:System.Diagnostics.CodeAnalysis.MaybeNullWhenAttribute.#ctor(System.Boolean)">
            <summary>Initializes the attribute with the specified return value condition.</summary>
            <param name="returnValue">
            The return value condition. If the method returns this value, the associated parameter may be null.
            </param>
        </member>
        <member name="P:System.Diagnostics.CodeAnalysis.MaybeNullWhenAttribute.ReturnValue">
            <summary>Gets the return value condition.</summary>
        </member>
        <member name="T:System.Diagnostics.CodeAnalysis.NotNullWhenAttribute">
            <summary>Specifies that when a method returns <see cref="P:System.Diagnostics.CodeAnalysis.NotNullWhenAttribute.ReturnValue"/>, the parameter will not be null even if the corresponding type allows it.</summary>
        </member>
        <member name="M:System.Diagnostics.CodeAnalysis.NotNullWhenAttribute.#ctor(System.Boolean)">
            <summary>Initializes the attribute with the specified return value condition.</summary>
            <param name="returnValue">
            The return value condition. If the method returns this value, the associated parameter will not be null.
            </param>
        </member>
        <member name="P:System.Diagnostics.CodeAnalysis.NotNullWhenAttribute.ReturnValue">
            <summary>Gets the return value condition.</summary>
        </member>
        <member name="T:System.Diagnostics.CodeAnalysis.NotNullIfNotNullAttribute">
            <summary>Specifies that the output will be non-null if the named parameter is non-null.</summary>
        </member>
        <member name="M:System.Diagnostics.CodeAnalysis.NotNullIfNotNullAttribute.#ctor(System.String)">
            <summary>Initializes the attribute with the associated parameter name.</summary>
            <param name="parameterName">
            The associated parameter name.  The output will be non-null if the argument to the parameter specified is non-null.
            </param>
        </member>
        <member name="P:System.Diagnostics.CodeAnalysis.NotNullIfNotNullAttribute.ParameterName">
            <summary>Gets the associated parameter name.</summary>
        </member>
        <member name="T:System.Diagnostics.CodeAnalysis.DoesNotReturnAttribute">
            <summary>Applied to a method that will never return under any circumstance.</summary>
        </member>
        <member name="T:System.Diagnostics.CodeAnalysis.DoesNotReturnIfAttribute">
            <summary>Specifies that the method will not return if the associated Boolean parameter is passed the specified value.</summary>
        </member>
        <member name="M:System.Diagnostics.CodeAnalysis.DoesNotReturnIfAttribute.#ctor(System.Boolean)">
            <summary>Initializes the attribute with the specified parameter value.</summary>
            <param name="parameterValue">
            The condition parameter value. Code after the method will be considered unreachable by diagnostics if the argument to
            the associated parameter matches this value.
            </param>
        </member>
        <member name="P:System.Diagnostics.CodeAnalysis.DoesNotReturnIfAttribute.ParameterValue">
            <summary>Gets the condition parameter value.</summary>
        </member>
        <member name="T:System.Diagnostics.CodeAnalysis.MemberNotNullAttribute">
            <summary>Specifies that the method or property will ensure that the listed field and property members have not-null values.</summary>
        </member>
        <member name="M:System.Diagnostics.CodeAnalysis.MemberNotNullAttribute.#ctor(System.String)">
            <summary>Initializes the attribute with a field or property member.</summary>
            <param name="member">
            The field or property member that is promised to be not-null.
            </param>
        </member>
        <member name="M:System.Diagnostics.CodeAnalysis.MemberNotNullAttribute.#ctor(System.String[])">
            <summary>Initializes the attribute with the list of field and property members.</summary>
            <param name="members">
            The list of field and property members that are promised to be not-null.
            </param>
        </member>
        <member name="P:System.Diagnostics.CodeAnalysis.MemberNotNullAttribute.Members">
            <summary>Gets field or property member names.</summary>
        </member>
        <member name="T:System.Diagnostics.CodeAnalysis.MemberNotNullWhenAttribute">
            <summary>Specifies that the method or property will ensure that the listed field and property members have not-null values when returning with the specified return value condition.</summary>
        </member>
        <member name="M:System.Diagnostics.CodeAnalysis.MemberNotNullWhenAttribute.#ctor(System.Boolean,System.String)">
            <summary>Initializes the attribute with the specified return value condition and a field or property member.</summary>
            <param name="returnValue">
            The return value condition. If the method returns this value, the associated parameter will not be null.
            </param>
            <param name="member">
            The field or property member that is promised to be not-null.
            </param>
        </member>
        <member name="M:System.Diagnostics.CodeAnalysis.MemberNotNullWhenAttribute.#ctor(System.Boolean,System.String[])">
            <summary>Initializes the attribute with the specified return value condition and list of field and property members.</summary>
            <param name="returnValue">
            The return value condition. If the method returns this value, the associated parameter will not be null.
            </param>
            <param name="members">
            The list of field and property members that are promised to be not-null.
            </param>
        </member>
        <member name="P:System.Diagnostics.CodeAnalysis.MemberNotNullWhenAttribute.ReturnValue">
            <summary>Gets the return value condition.</summary>
        </member>
        <member name="P:System.Diagnostics.CodeAnalysis.MemberNotNullWhenAttribute.Members">
            <summary>Gets field or property member names.</summary>
        </member>
    </members>
</doc>
