<?xml version="1.0" encoding="utf-8" ?>
<Types>
  <Type typeName="BinView">
    <Elements>
      <Element type="Uint">WQC</Element>
      <Element type="bool">V</Element>
      <Element type="string">VState0</Element>
      <Element type="string">VState1</Element>
    </Elements>
  </Type>
  <Type typeName="BinMon">
    <Elements>
      <Element type="bit32">WQC</Element>
      <Element type="int">OSLevel</Element>
      <Element type="bool">V</Element>
      <Element type="string">VState0</Element>
      <Element type="string">VState1</Element>
      <Element type="bool">VFlutEn</Element>
      <Element type="float">VFlutTi</Element>
      <Element type="int">VFlutCnt</Element>
      <Element type="bool">VFlutAct</Element>
    </Elements>
  </Type>
  <Type typeName="DIntView">
    <Elements>
      <Element type="Uint">WQC</Element>
      <Element type="int">VSclMin</Element>
      <Element type="int">VSclMax</Element>
      <Element type="int">VUnit</Element>
      <Element type="int">V</Element>
    </Elements>
  </Type>
  <Type typeName="DIntMon">
    <Elements>
      <Element type="Uint">WQC</Element>
      <Element type="Uint">OSLevel</Element>
      <Element type="int">VSclMin</Element>
      <Element type="int">VSclMax</Element>
      <Element type="int">VUnit</Element>
      <Element type="int">V</Element>
      <Element type="bool">VAHEn</Element>
      <Element type="int">VAHLim</Element>
      <Element type="bool">VAHAct</Element>
      <Element type="bool">VWHEn</Element>
      <Element type="int">VWHLim</Element>
      <Element type="bool">VWHAct</Element>
      <Element type="bool">VTHEn</Element>
      <Element type="int">VTHLim</Element>
      <Element type="bool">VTHAct</Element>
      <Element type="bool">VTLEn</Element>
      <Element type="int">VTLLim</Element>
      <Element type="bool">VTLAct</Element>
      <Element type="bool">VWLEn</Element>
      <Element type="int">VWLLim</Element>
      <Element type="bool">VWLAct</Element>
      <Element type="bool">VALEn</Element>
      <Element type="int">VALLim</Element>
      <Element type="bool">VALAct</Element>
    </Elements>
  </Type>
  <Type typeName="AnaView">
    <Elements>
      <Element type="Uint">WQC</Element>
      <Element type="float">VSclMin</Element>
      <Element type="float">VSclMax</Element>
      <Element type="int">VUnit</Element>
      <Element type="float">V</Element>
    </Elements>
  </Type>
  <Type typeName="AnaMon">
    <Elements>
      <Element type="bit32">WQC</Element>
      <Element type="int">OSLevel</Element>
      <Element type="float">VSclMin</Element>
      <Element type="float">VSclMax</Element>
      <Element type="int">VUnit</Element>
      <Element type="float">V</Element>
      <Element type="bool">VAHEn</Element>
      <Element type="float">VAHLim</Element>
      <Element type="bool">VAHAct</Element>
      <Element type="bool">VWHEn</Element>
      <Element type="float">VWHLim</Element>
      <Element type="bool">VWHAct</Element>
      <Element type="bool">VTHEn</Element>
      <Element type="float">VTHLim</Element>
      <Element type="bool">VTHAct</Element>
      <Element type="bool">VTLEn</Element>
      <Element type="float">VTLLim</Element>
      <Element type="bool">VTLAct</Element>
      <Element type="bool">VWLEn</Element>
      <Element type="float">VWLLim</Element>
      <Element type="bool">VWLAct</Element>
      <Element type="bool">VALEn</Element>
      <Element type="float">VALLim</Element>
      <Element type="bool">VALAct</Element>
    </Elements>
  </Type>
  
  <Type typeName="BinManInt">
    <Elements>
      <Element type="bit32">WQC</Element>
      <Element type="int">OSLevel</Element>
      <Element type="bool">VOut</Element>
      <Element type="string">VState0</Element>
      <Element type="string">VState1</Element>
      <Element type="bool">VMan</Element>
      <Element type="bool">VInt</Element>
      <Element type="bool">VRbk</Element>
      <Element type="bool">VFbk</Element>
      <Element type="bool">SrcChannel</Element>
      <Element type="bool">SrcManAut</Element>
      <Element type="bool">SrcIntAut</Element>
      <Element type="bool">SrcManOp</Element>
      <Element type="bool">SrcIntOp</Element>
      <Element type="bool">SrcManAct</Element>
      <Element type="bool">SrcIntAct</Element>
    </Elements>
  </Type>
  
  <Type typeName="BinVlv">
    <Elements>
      <Element type="Uint">OSLevel</Element>
      <Element type="Uint">WQC</Element>
      <Element type="bool">StateChannel</Element>
      <Element type="bool">StateOffAut</Element>
      <Element type="bool">StateOpAut</Element>
      <Element type="bool">StateAutAut</Element>
      <Element type="bool">StateOffOp</Element>
      <Element type="bool">StateOpOp</Element>
      <Element type="bool">StateAutOp</Element>
      <Element type="bool">StateOpAct</Element>
      <Element type="bool">StateAutAct</Element>
      <Element type="bool">StateOffAct</Element>
      <Element type="bool">SafePos</Element>
      <Element type="bool">SafePosEn</Element>
      <Element type="bool">SafePosAct</Element>
      <Element type="bool">OpenOp</Element>
      <Element type="bool">CloseOp</Element>
      <Element type="bool">OpenAut</Element>
      <Element type="bool">CloseAut</Element>
      <Element type="bool">Ctrl</Element>
      <Element type="bool">OpenFbkCalc</Element>
      <Element type="bool">OpenFbk</Element>
      <Element type="bool">CloseFbkCalc</Element>
      <Element type="bool">CloseFbk</Element>
      <Element type="bool">PermEn</Element>
      <Element type="bool">Permit</Element>
      <Element type="bool">IntlEn</Element>
      <Element type="bool">Interlock</Element>
      <Element type="bool">ProtEn</Element>
      <Element type="bool">Protect</Element>
      <Element type="bool">ResetOp</Element>
      <Element type="bool">ResetAut</Element>
    </Elements>
  </Type>
  <Type typeName="MonBinVlv">
    <Elements>
      <Element type="Uint">OSLevel</Element>
      <Element type="Uint">WQC</Element>
      <Element type="bool">StateChannel</Element>
      <Element type="bool">StateOffAut</Element>
      <Element type="bool">StateOpAut</Element>
      <Element type="bool">StateAutAut</Element>
      <Element type="bool">StateOffOp</Element>
      <Element type="bool">StateOpOp</Element>
      <Element type="bool">StateAutOp</Element>
      <Element type="bool">StateOpAct</Element>
      <Element type="bool">StateAutAct</Element>
      <Element type="bool">StateOffAct</Element>
      <Element type="bool">SafePos</Element>
      <Element type="bool">SafePosEn</Element>
      <Element type="bool">SafePosAct</Element>
      <Element type="bool">OpenOp</Element>
      <Element type="bool">CloseOp</Element>
      <Element type="bool">OpenAut</Element>
      <Element type="bool">CloseAut</Element>
      <Element type="bool">Ctrl</Element>
      <Element type="bool">OpenFbkCalc</Element>
      <Element type="bool">OpenFbk</Element>
      <Element type="bool">CloseFbkCalc</Element>
      <Element type="bool">CloseFbk</Element>
      <Element type="bool">PermEn</Element>
      <Element type="bool">Permit</Element>
      <Element type="bool">IntlEn</Element>
      <Element type="bool">Interlock</Element>
      <Element type="bool">ProtEn</Element>
      <Element type="bool">Protect</Element>
      <Element type="bool">ResetOp</Element>
      <Element type="bool">ResetAut</Element>
      <Element type="bool">MonEn</Element>
      <Element type="bool">MonSafePos</Element>
      <Element type="bool">MonStatErr</Element>
      <Element type="bool">MonDynErr</Element>
      <Element type="float">MonStatTi</Element>
      <Element type="float">MonDynTi</Element>
    </Elements>
  </Type>
  <Type typeName="BinDrv">
    <Elements>
      <Element type="Uint">OSLevel</Element>
      <Element type="Uint">WQC</Element>
      <Element type="bool">StateChannel</Element>
      <Element type="bool">StateOffAut</Element>
      <Element type="bool">StateOpAut</Element>
      <Element type="bool">StateAutAut</Element>
      <Element type="bool">StateOffOp</Element>
      <Element type="bool">StateOpOp</Element>
      <Element type="bool">StateAutOp</Element>
      <Element type="bool">StateOpAct</Element>
      <Element type="bool">StateAutAct</Element>
      <Element type="bool">StateOffAct</Element>
      <Element type="bool">SafePos</Element>
      <Element type="bool">SafePosEn</Element>
      <Element type="bool">SafePosAct</Element>
      <Element type="bool">FwdEn</Element>
      <Element type="bool">RevEn</Element>
      <Element type="bool">StopOp</Element>
      <Element type="bool">FwdOp</Element>
      <Element type="bool">RevOp</Element>
      <Element type="bool">StopAut</Element>
      <Element type="bool">FwdAut</Element>
      <Element type="bool">RevAut</Element>
      <Element type="bool">FwdCtrl</Element>
      <Element type="bool">RevCtrl</Element>
      <Element type="bool">RevFbkCalc</Element>
      <Element type="bool">RevFbk</Element>
      <Element type="bool">FwdFbkCalc</Element>
      <Element type="bool">FwdFbk</Element>
      <Element type="bool">Trip</Element>
      <Element type="bool">PermEn</Element>
      <Element type="bool">Permit</Element>
      <Element type="bool">IntlEn</Element>
      <Element type="bool">Interlock</Element>
      <Element type="bool">ProtEn</Element>
      <Element type="bool">Protect</Element>
      <Element type="bool">ResetOp</Element>
      <Element type="bool">ResetAut</Element>
    </Elements>
  </Type>
  <Type typeName="MonBinDrv">
    <Elements>
      <Element type="Uint">OSLevel</Element>
      <Element type="Uint">WQC</Element>
      <Element type="bool">StateChannel</Element>
      <Element type="bool">StateOffAut</Element>
      <Element type="bool">StateOpAut</Element>
      <Element type="bool">StateAutAut</Element>
      <Element type="bool">StateOffOp</Element>
      <Element type="bool">StateOpOp</Element>
      <Element type="bool">StateAutOp</Element>
      <Element type="bool">StateOpAct</Element>
      <Element type="bool">StateAutAct</Element>
      <Element type="bool">StateOffAct</Element>
      <Element type="bool">SafePos</Element>
      <Element type="bool">SafePosEn</Element>
      <Element type="bool">SafePosAct</Element>
      <Element type="bool">FwdEn</Element>
      <Element type="bool">RevEn</Element>
      <Element type="bool">StopOp</Element>
      <Element type="bool">FwdOp</Element>
      <Element type="bool">RevOp</Element>
      <Element type="bool">StopAut</Element>
      <Element type="bool">FwdAut</Element>
      <Element type="bool">RevAut</Element>
      <Element type="bool">FwdCtrl</Element>
      <Element type="bool">RevCtrl</Element>
      <Element type="bool">RevFbkCalc</Element>
      <Element type="bool">RevFbk</Element>
      <Element type="bool">FwdFbkCalc</Element>
      <Element type="bool">FwdFbk</Element>
      <Element type="bool">Trip</Element>
      <Element type="bool">PermEn</Element>
      <Element type="bool">Permit</Element>
      <Element type="bool">IntlEn</Element>
      <Element type="bool">Interlock</Element>
      <Element type="bool">ProtEn</Element>
      <Element type="bool">Protect</Element>
      <Element type="bool">ResetOp</Element>
      <Element type="bool">ResetAut</Element>
      <Element type="bool">MonEn</Element>
      <Element type="bool">MonSafePos</Element>
      <Element type="bool">MonStatErr</Element>
      <Element type="bool">MonDynErr</Element>
      <Element type="float">MonStatTi</Element>
      <Element type="float">MonDynTi</Element>
      <Element type="Uint">OSLevel</Element>
      <Element type="Uint">WQC</Element>
      <Element type="bool">StateChannel</Element>
      <Element type="bool">StateOffAut</Element>
      <Element type="bool">StateOpAut</Element>
      <Element type="bool">StateAutAut</Element>
      <Element type="bool">StateOffOp</Element>
      <Element type="bool">StateOpOp</Element>
      <Element type="bool">StateAutOp</Element>
      <Element type="bool">StateOpAct</Element>
      <Element type="bool">StateAutAct</Element>
      <Element type="bool">StateOffAct</Element>
      <Element type="bool">SrcChannel</Element>
      <Element type="bool">SrcManAut</Element>
      <Element type="bool">SrcIntAut</Element>
      <Element type="bool">SrcIntOp</Element>
      <Element type="bool">SrcManOp</Element>
      <Element type="bool">SrcIntAct</Element>
      <Element type="bool">SrcManAct</Element>
      <Element type="bool">SafePos</Element>
      <Element type="bool">SafePosAct</Element>
      <Element type="bool">FwdEn</Element>
      <Element type="bool">RevEn</Element>
      <Element type="bool">StopOp</Element>
      <Element type="bool">FwdOp</Element>
      <Element type="bool">RevOp</Element>
      <Element type="bool">StopAut</Element>
      <Element type="bool">FwdAut</Element>
      <Element type="bool">RevAut</Element>
      <Element type="bool">FwdCtrl</Element>
      <Element type="bool">RevCtrl</Element>
      <Element type="float">RpmSclMin</Element>
      <Element type="float">RpmSclMax</Element>
      <Element type="int">RpmUnit</Element>
      <Element type="float">RpmMin</Element>
      <Element type="float">RpmMax</Element>
      <Element type="float">RpmInt</Element>
      <Element type="float">RpmMan</Element>
      <Element type="float">Rpm</Element>
      <Element type="float">RpmRbk</Element>
      <Element type="bool">RevFbkCalc</Element>
      <Element type="bool">RevFbk</Element>
      <Element type="bool">FwdFbkCalc</Element>
      <Element type="bool">FwdFbk</Element>
      <Element type="bool">RpmFbkCalc</Element>
      <Element type="float">RpmFbk</Element>
      <Element type="bool">Trip</Element>
      <Element type="bool">PermEn</Element>
      <Element type="bool">Permit</Element>
      <Element type="bool">IntlEn</Element>
      <Element type="bool">Interlock</Element>
      <Element type="bool">ProtEn</Element>
      <Element type="bool">Protect</Element>
      <Element type="bool">ResetOp</Element>
      <Element type="bool">ResetAut</Element>
      <Element type="bool">MonEn</Element>
      <Element type="bool">MonSafePos</Element>
      <Element type="bool">MonStatErr</Element>
      <Element type="bool">MonDynErr</Element>
      <Element type="float">MonStatTi</Element>
      <Element type="float">MonDynTi</Element>
      <Element type="bool">RpmErr</Element>
      <Element type="bool">RpmAHEn</Element>
      <Element type="bool">RpmALEn</Element>
      <Element type="bool">RpmAHAct</Element>
      <Element type="bool">RpmALAct</Element>
      <Element type="float">RpmAHLim</Element>
      <Element type="float">RpmALLim</Element>
    </Elements>
  </Type>
  <Type typeName="PIDCtrl">
    <Elements>
      <Element type="Uint">OSLevel</Element>
      <Element type="Uint">WQC</Element>
      <Element type="bool">StateChannel</Element>
      <Element type="bool">StateOffAut</Element>
      <Element type="bool">StateOpAut</Element>
      <Element type="bool">StateAutAut</Element>
      <Element type="bool">StateOffOp</Element>
      <Element type="bool">StateOpOp</Element>
      <Element type="bool">StateAutOp</Element>
      <Element type="bool">StateOpAct</Element>
      <Element type="bool">StateAutAct</Element>
      <Element type="bool">StateOffAct</Element>
      <Element type="bool">SrcChannel</Element>
      <Element type="bool">SrcManAut</Element>
      <Element type="bool">SrcIntAut</Element>
      <Element type="bool">SrcIntOp</Element>
      <Element type="bool">SrcManOp</Element>
      <Element type="bool">SrcIntAct</Element>
      <Element type="bool">SrcManAct</Element>
      <Element type="float">PV</Element>
      <Element type="float">PVSclMin</Element>
      <Element type="float">PVSclMax</Element>
      <Element type="int">PVUnit</Element>
      <Element type="float">SPMan</Element>
      <Element type="float">SPInt</Element>
      <Element type="float">SPSclMin</Element>
      <Element type="float">SPSclMax</Element>
      <Element type="int">SPUnit</Element>
      <Element type="float">SPIntMin</Element>
      <Element type="float">SPIntMax</Element>
      <Element type="float">SPManMin</Element>
      <Element type="float">SPManMax</Element>
      <Element type="float">SP</Element>
      <Element type="float">MVMan</Element>
      <Element type="float">MV</Element>
      <Element type="float">MVMin</Element>
      <Element type="float">MVMax</Element>
      <Element type="int">MVUnit</Element>
      <Element type="float">MVSclMin</Element>
      <Element type="float">MVSclMax</Element>
      <Element type="float">P</Element>
      <Element type="float">Ti</Element>
      <Element type="float">Td</Element>
    </Elements>
  </Type>
  <Type typeName="LockView4">
    <Elements>
      <Element type="bit32">WQC</Element>
      <Element type="bool">Logic</Element>
      <Element type="bool">In1En</Element>
      <Element type="bool">In1</Element>
      <Element type="bit32">In1QC</Element>
      <Element type="bool">In1Inv</Element>
      <Element type="string">In1Txt</Element>
      <Element type="bool">In2En</Element>
      <Element type="bool">In2</Element>
      <Element type="bit32">In2QC</Element>
      <Element type="bool">In2Inv</Element>
      <Element type="string">In2Txt</Element>
      <Element type="bool">In3En</Element>
      <Element type="bool">In3</Element>
      <Element type="bit32">In3QC</Element>
      <Element type="bool">In3Inv</Element>
      <Element type="string">In3Txt</Element>
      <Element type="bool">In4En</Element>
      <Element type="bool">In4</Element>
      <Element type="bit32">In4QC</Element>
      <Element type="bool">In4Inv</Element>
      <Element type="string">In4Txt</Element>
      <Element type="bool">Out</Element>
      <Element type="bit32">OutQC</Element>
    </Elements>
  </Type>
  <Type typeName="LockView8">
    <Elements>
      <Element type="Uint">WQC</Element>
      <Element type="bool">Logic</Element>
      <Element type="bool">In1En</Element>
      <Element type="bool">In1</Element>
      <Element type="Uint">In1QC</Element>
      <Element type="bool">In1Inv</Element>
      <Element type="string">In1Txt</Element>
      <Element type="bool">In2En</Element>
      <Element type="bool">In2</Element>
      <Element type="Uint">In2QC</Element>
      <Element type="bool">In2Inv</Element>
      <Element type="string">In2Txt</Element>
      <Element type="bool">In3En</Element>
      <Element type="bool">In3</Element>
      <Element type="Uint">In3QC</Element>
      <Element type="bool">In3Inv</Element>
      <Element type="string">In3Txt</Element>
      <Element type="bool">In4En</Element>
      <Element type="bool">In4</Element>
      <Element type="Uint">In4QC</Element>
      <Element type="bool">In4Inv</Element>
      <Element type="string">In4Txt</Element>
      <Element type="bool">In5En</Element>
      <Element type="bool">In5</Element>
      <Element type="Uint">In5QC</Element>
      <Element type="bool">In5Inv</Element>
      <Element type="string">In5Txt</Element>
      <Element type="bool">In6En</Element>
      <Element type="bool">In6</Element>
      <Element type="Uint">In6QC</Element>
      <Element type="bool">In6Inv</Element>
      <Element type="string">In6Txt</Element>
      <Element type="bool">In7En</Element>
      <Element type="bool">In7</Element>
      <Element type="Uint">In7QC</Element>
      <Element type="bool">In7Inv</Element>
      <Element type="string">In7Txt</Element>
      <Element type="bool">In8En</Element>
      <Element type="bool">In8</Element>
      <Element type="Uint">In8QC</Element>
      <Element type="bool">In8Inv</Element>
      <Element type="string">In8Txt</Element>
      <Element type="bool">Out</Element>
      <Element type="Uint">OutQC</Element>
    </Elements>
  </Type>
</Types>