<?xml version="1.0" encoding="utf-8" ?>
<!-- Copyright (C) Siemens 2024. All rights reserved. -->
<Settings>
	<MtpSetting Type="Part1">
		<DataAssemblySettings Name="PeaInformationLabel" TypePath="MTPDataObjectSUCLib/DataAssembly/PeaElement/PeaInformationLabel" HmiType="" HmiTypeGuid="" />
		<DataAssemblySettings Name="WebServerUrlInfo" TypePath="MTPDataObjectSUCLib/DataAssembly/PeaElement/WebServerUrlInfo" HmiType="" HmiTypeGuid="" />
		<ModuleTypePackageElement>ModuleTypePackage V 2.0.0</ModuleTypePackageElement>
		<LinkedObjectElement>LinkedObject V 2.0.0</LinkedObjectElement>
		<LinkedVisualObjectElement>LinkedVisualObject V 2.0.0</LinkedVisualObjectElement>
		<DataAssemblyElement>DataAssembly V 2.0.0</DataAssemblyElement>
		<PEAInformationElement>PEAInformation V 2.0.0</PEAInformationElement>
	</MtpSetting>
	<MtpSetting Type="Part2">
		<VisualObjectSettings Type="Pipe" ColorHtml="Gray" LineWidth="3" DashType="Solid"/>
		<VisualObjectSettings Type="FunctionLine" ColorHtml="Gray" LineWidth="1" DashType="Dash"/>
		<VisualObjectSettings Type="MeasurementLine" ColorHtml="Gray" LineWidth="1" DashType="Solid"/>
		<VisualObjectSettings Type="Termination" ColorHtml="Lime" Height="10" Width="10"/>
		<VisualObjectSettings Type="Junction" ColorHtml="LightGrey" Height="10" Width="10"/>
		<VisualObjectSettings Type="Sink" ColorHtml="White" Height="0" Width="0"/>
		<VisualObjectSettings Type="Source" ColorHtml="Black" Height="0" Width="0"/>
		<GraphicObjectSettings EClass="19-01-02" Name="19-01-02-01_MobileDevicesTablet"/>
		<GraphicObjectSettings EClass="19-01-02-01" Name="19-01-02-01_MobileDevicesTablet"/>
		<GraphicObjectSettings EClass="19-01-02-02" Name="19-01-02-02_MobileDevicesLaptop"/>
		<GraphicObjectSettings EClass="19-01-04" Name="19-01-04-00_PC-HardwareServersystemBig"/>
		<GraphicObjectSettings EClass="19-01-04-90" Name="19-01-04-90_PC-HardwareServersystemMidium"/>
		<GraphicObjectSettings EClass="19-01-07" Name="19-01-07-00_PC-HardwareDesktopSystem"/>
		<GraphicObjectSettings EClass="19-01-07-00" Name="19-01-07-00_PC-HardwareDesktopSystem"/>
		<GraphicObjectSettings EClass="19-01-90" Name="19-01-90-90_PC-HardwareClientSystem"/>
		<GraphicObjectSettings EClass="19-01-90-90" Name="19-01-90-90_PC-HardwareClientSystem"/>
		<GraphicObjectSettings EClass="19-06-03-02" Name="19-06-03-02_MobileDevicesSmartphone"/>
		<GraphicObjectSettings EClass="19-14-01" Name="19-14-01-01_PC-HardwarePrinterBig"/>
		<GraphicObjectSettings EClass="19-14-01-01" Name="19-14-01-01_PC-HardwarePrinterBig"/>
		<GraphicObjectSettings EClass="19-14-01-02" Name="19-14-01-02_PC-HardwarePrinterDesktop"/>
		<GraphicObjectSettings EClass="19-14-03" Name="19-14-03-00_PC-HardwareMonitorBig"/>
		<GraphicObjectSettings EClass="19-14-03-00" Name="19-14-03-00_PC-HardwareMonitorBig"/>
		<GraphicObjectSettings EClass="19-17-01-30" Name="19-17-01-30_NetworkSwitch"/>
		<GraphicObjectSettings EClass="19-17-02-12" Name="19-17-02-12_NetworkWLANAccesspoint"/>
		<GraphicObjectSettings EClass="20-04-02" Name="20-04-02-03_CanFoot"/>
		<GraphicObjectSettings EClass="20-04-02-03" Name="20-04-02-03_CanFoot"/>
		<GraphicObjectSettings EClass="20-04-02-05" Name="20-04-02-05_CanBeverage"/>
		<GraphicObjectSettings EClass="20-05-00-00" Name="20-05-00-00_Bucket"/>
		<GraphicObjectSettings EClass="20-05-01" Name="20-05-00-00_Bucket"/>
		<GraphicObjectSettings EClass="20-05-02" Name="20-05-00-00_Bucket"/>
		<GraphicObjectSettings EClass="20-05-90" Name="20-05-00-00_Bucket"/>
		<GraphicObjectSettings EClass="20-06-03" Name="20-06-03-90_Barrel"/>
		<GraphicObjectSettings EClass="20-06-03-90" Name="20-06-03-90_Barrel"/>
		<GraphicObjectSettings EClass="20-07-00-00" Name="20-07-00-00_Bottle"/>
		<GraphicObjectSettings EClass="20-07-01" Name="20-07-00-00_Bottle"/>
		<GraphicObjectSettings EClass="20-14-01" Name="20-14-01-00_Crate"/>
		<GraphicObjectSettings EClass="20-17-03" Name="20-17-03-01_CardboardBoxOpen"/>
		<GraphicObjectSettings EClass="20-17-03-01" Name="20-17-03-01_CardboardBoxOpen"/>
		<GraphicObjectSettings EClass="20-17-03-05" Name="20-17-03-05_CardboardBoxClosed"/>
		<GraphicObjectSettings EClass="20-20-01" Name="20-20-01-02_FilledCableSpool"/>
		<GraphicObjectSettings EClass="20-20-01-02" Name="20-20-01-02_FilledCableSpool"/>
		<GraphicObjectSettings EClass="20-20-02" Name="20-20-02-02_FilledWireSpool"/>
		<GraphicObjectSettings EClass="20-20-02-02" Name="20-20-02-02_FilledWireSpool"/>
		<GraphicObjectSettings EClass="20-20-02-90" Name="20-20-02-90_EmptyWireSpool"/>
		<GraphicObjectSettings EClass="20-26-01" Name="20-26-01-00_Pallet"/>
		<GraphicObjectSettings EClass="21-01-21" Name="21-01-21-01_ExtendedPusher"/>
		<GraphicObjectSettings EClass="21-01-21-01" Name="21-01-21-01_ExtendedPusher"/>
		<GraphicObjectSettings EClass="21-01-21-03" Name="21-01-21-03_RetractedPusher"/>
		<GraphicObjectSettings EClass="21-10-03-00" Name="21-10-03-00_DigitalScale"/>
		<GraphicObjectSettings EClass="21-17-04-04" Name="21-17-04-04_ScaleFrom_0-20-Style1"/>
		<GraphicObjectSettings EClass="24-32-07-00" Name="24-32-07-00_Shredder"/>
		<GraphicObjectSettings EClass="27-02-21" Name="27-02-21-01_Motor"/>
		<GraphicObjectSettings EClass="27-02-21-01" Name="27-02-21-01_Motor"/>
		<GraphicObjectSettings EClass="27-02-21-03" Name="27-02-21-03_Motor1"/>
		<GraphicObjectSettings EClass="27-20-04" Name="27-20-04-01_MagneticFlowMeter"/>
		<GraphicObjectSettings EClass="27-20-04-01" Name="27-20-04-01_MagneticFlowMeter"/>
		<GraphicObjectSettings EClass="27-20-04-08" Name="27-20-04-08_TurbineMeter"/>
		<GraphicObjectSettings EClass="27-20-04-11" Name="27-20-04-11_VenturiFlowMeter"/>
		<GraphicObjectSettings EClass="27-20-04-12" Name="27-20-04-12_UltrasonicFlowTransducer"/>
		<GraphicObjectSettings EClass="27-20-04-20" Name="27-20-04-20_MassFlowMeter"/>
		<GraphicObjectSettings EClass="27-20-02-01" Name="27-20-02-01_NoncontactThermometer"/>
		<GraphicObjectSettings EClass="27-20-05-05" Name="27-20-05-05_MicrowaveLevelSensor"/>
		<GraphicObjectSettings EClass="28-01-01-01" Name="28-01-01-01_Car"/>
		<GraphicObjectSettings EClass="28-01-02" Name="28-01-02-04_18-WheelerTruck"/>
		<GraphicObjectSettings EClass="28-01-02-04" Name="28-01-02-04_18-WheelerTruck"/>
		<GraphicObjectSettings EClass="28-02-01-00" Name="28-02-01-00_Loader"/>
		<GraphicObjectSettings EClass="28-02-02-00" Name="28-02-02-00_Bulldozer"/>
		<GraphicObjectSettings EClass="28-02-90-00" Name="28-02-90-00_ForkLift1"/>
		<GraphicObjectSettings EClass="28-03-01" Name="28-03-01-01_AirplaneRight"/>
		<GraphicObjectSettings EClass="28-03-01-01" Name="28-03-01-01_AirplaneRight"/>
		<GraphicObjectSettings EClass="28-03-01-02" Name="28-03-01-02_AirplaneUp"/>
		<GraphicObjectSettings EClass="28-03-02-00" Name="28-03-02-00_Helicopter"/>
		<GraphicObjectSettings EClass="28-04-03" Name="28-04-03-03_RailroadBoxCar"/>
		<GraphicObjectSettings EClass="28-04-03-03" Name="28-04-03-03_RailroadBoxCar"/>
		<GraphicObjectSettings EClass="28-04-03-07" Name="28-04-03-07_RailroadContainerCar"/>
		<GraphicObjectSettings EClass="28-04-03-19" Name="28-04-03-19_RailroadTankerCar"/>
		<GraphicObjectSettings EClass="28-05-01-07" Name="28-05-01-07_Ship"/>
		<GraphicObjectSettings EClass="28-07-02-03" Name="28-07-02-03_Bicycle"/>
		<GraphicObjectSettings EClass="33-04-08-02" Name="33-04-08-02_TreatmentBasin"/>
		<GraphicObjectSettings EClass="33-05-02-02" Name="33-05-02-02_Digester"/>
		<GraphicObjectSettings EClass="36-03-01-01" Name="36-03-01-01_Container"/>
		<GraphicObjectSettings EClass="36-02-01-01" Name="36-02-01-01_Reactor"/>
		<GraphicObjectSettings EClass="36-03-01-04" Name="36-03-01-04_Tank"/>
		<GraphicObjectSettings EClass="36-09-02" Name="36-09-02-02_SimpleMixer"/>
		<GraphicObjectSettings EClass="36-09-02-02" Name="36-09-02-02_SimpleMixer"/>
		<GraphicObjectSettings EClass="36-09-02-05" Name="36-09-02-05_TurbineAgitator"/>
		<GraphicObjectSettings EClass="36-17-01-01" Name="36-17-01-01_GravimetricFeeder"/>
		<GraphicObjectSettings EClass="36-20-04" Name="36-20-04-01_AirScrubber"/>
		<GraphicObjectSettings EClass="36-20-04-01" Name="36-20-04-01_AirScrubber"/>
		<GraphicObjectSettings EClass="36-20-04-02" Name="36-20-04-02_AirStripper1"/>
		<GraphicObjectSettings EClass="36-12-03" Name="36-12-03-27_ForkLift"/>
		<GraphicObjectSettings EClass="36-12-03-27" Name="36-12-03-27_ForkLift"/>
		<GraphicObjectSettings EClass="36-43-14" Name="36-43-14-00_PressureBlower"/>
		<GraphicObjectSettings EClass="36-43-14-02" Name="36-43-14-02_RegenerativeBlower"/>
		<GraphicObjectSettings EClass="36-43-14-03" Name="36-43-14-03_FiberglassFan"/>
		<GraphicObjectSettings EClass="37-01-02" Name="37-01-02-01_SafetyShutoffValve"/>
		<GraphicObjectSettings EClass="37-01-02-01" Name="37-01-02-01_SafetyShutoffValve"/>
		<GraphicObjectSettings EClass="37-01-02-70" Name="37-01-02-70_MiniElectricSafetyShutoffValve"/>
		<GraphicObjectSettings EClass="40-20-90" Name="40-20-90-31_BlueFlame"/>
		<GraphicObjectSettings EClass="40-20-90-31" Name="40-20-90-31_BlueFlame"/>
		<GraphicObjectSettings EClass="40-20-90-32" Name="40-20-90-32_Fire"/>
		<GraphicObjectSettings EClass="40-20-90-33" Name="40-20-90-33_Flame"/>
		<GraphicObjectSettings EClass="40-20-90-34" Name="40-20-90-34_WaterDrop"/>
		<GraphicObjectSettings EClass="90-01-01" Name="90-01-01-01_Commercial"/>
		<GraphicObjectSettings EClass="90-01-01-01" Name="90-01-01-01_Commercial"/>
		<GraphicObjectSettings EClass="90-01-02" Name="90-01-02-01_Factory"/>
		<GraphicObjectSettings EClass="90-01-02-01" Name="90-01-02-01_Factory"/>
		<GraphicObjectSettings EClass="90-01-02-02" Name="90-01-02-02_Factory1"/>
	</MtpSetting>
	<MtpSetting Type="Part3">
		<InternalTagSettings Name="LMTP_OSLevel" FaceplateProperty="OSLevelData"/>
		<InternalTagSettings Name="$|PEAInformation.POLToPEASoftLinkStatus" FaceplateProperty="enabled"/>
		<InternalTagSettings Name="LMTP_BlinkTact" FaceplateProperty="blinkTact"/>
		<InternalTagSettings Name="$|PEAInformation" FaceplateProperty="peaInformation"/>
		<InternalTagSettings Name="$.TagPrefix" FaceplateProperty="tagPrefix"/>
		<TextListSettings Name="LMTP_OSLevel" FaceplateProperty="OSLevel"/>
		<TextListSettings Name="LMTP_Unit" FaceplateProperty="unit"/>
		<TextListSettings Name="Procedures" FaceplateProperty="procedure"/>
		<TextListSettings Name="ServicePosition" FaceplateProperty="position"/>
		<TextListSettings Name="OperatorRequest" FaceplateProperty="operatorRequest"/>
		<ColorSettings Name="ActiveEnabled" FaceplateProperty="activeColorEnabled" Color="FF00A1D1"/>
		<ColorSettings Name="Inactive" FaceplateProperty="inactiveColor" Color="FFCDD3D7"/>
		<ColorSettings Name="ActiveDisabled" FaceplateProperty="activeColorDisabled" Color="FFB5BEC5"/>
		<ColorSettings Name="activeColorSuccess" FaceplateProperty="activeColorSuccess" Color="FF5ED1AD"/>
		<ColorSettings Name="activeColorWarning" FaceplateProperty="activeColorWarning" Color="FFFFCC00"/>
		<ColorSettings Name="activeColorError" FaceplateProperty="activeColorError" Color="FFDE3858"/>
		<ColorSettings Name="BackgroundOn" FaceplateProperty="backgroundColorOn" Color="FF5ED1AD"/>
		<ColorSettings Name="BackgroundOff" FaceplateProperty="backgroundColorOff" Color="FFDE3858"/>
		<ColorSettings Name="StateColorExecuteComplete" FaceplateProperty="stateColorExecuteComplete" Color="FF5ED1AD"/>
		<ColorSettings Name="StateColorPauseHold" FaceplateProperty="stateColorPauseHold" Color="FFEACE21"/>
		<ColorSettings Name="StateColorAbortStop" FaceplateProperty="stateColorAbortStop" Color="FFDE3858"/>
		<ExternalTagSettings Name="DaAsObj.TagName" FaceplateProperty="tagName"/>
		<ExternalTagSettings Name="DaAsObj.TagPrefix" FaceplateProperty="tagPrefix"/>
		<DataAssemblySettings Name="AnaView" TypePath="MTPDataObjectSUCLib/DataAssembly/IndicatorElement/AnaView" HmiType="LMTP_AnaViewSymbol" HmiTypeGuid="b65307d4-1ddf-4e68-9ddd-b530b4bd377f" HmiHeight="63" HmiWidth="200" HmiTypeCompact="LMTP_AnaViewSymbolCompact" HmiTypeGuidCompact="8058971f-6a44-4d18-b843-bc79bc8852df" HmiHeightCompact="22" HmiWidthCompact="122">
			
		</DataAssemblySettings>
		<DataAssemblySettings Name="AnaMon" TypePath="MTPDataObjectSUCLib/DataAssembly/IndicatorElement/AnaView/AnaMon" HmiType="LMTP_AnaMonSymbol" HmiTypeGuid="38620d8e-36e4-4796-9869-9257c8e44ff3" HmiHeight="63" HmiWidth="200" HmiTypeCompact="LMTP_AnaMonSymbolCompact" HmiTypeGuidCompact="34272a81-2a8b-4924-827e-c5322be7b3c9" HmiHeightCompact="22" HmiWidthCompact="122">
		
		</DataAssemblySettings>
		<DataAssemblySettings Name="PEASymbol" TypePath="MTPDataObjectSUCLib/DataAssembly/PeaElement/PeaVisulalisation/PEASymbol" HmiType="LMTP_PEASymbol" HmiTypeGuid="68df0676-23c4-4dc3-8edf-f513d14eec1f" HmiHeight="80" HmiWidth="200" HmiTypeCompact="" HmiTypeGuidCompact="" HmiHeightCompact="" HmiWidthCompact="">

		</DataAssemblySettings>
		<DataAssemblySettings Name="DIntView" TypePath="MTPDataObjectSUCLib/DataAssembly/IndicatorElement/DIntView" HmiType="LMTP_DIntViewSymbol" HmiTypeGuid="9a038676-a7b2-4712-8fcd-22fe643bfb5b" HmiHeight="63" HmiWidth="200"  HmiTypeCompact="LMTP_DIntViewSymbolCompact" HmiTypeGuidCompact="cb5bd98c-8734-49c5-86f6-52c9bb6d776e" HmiHeightCompact="22" HmiWidthCompact="122">
			
		</DataAssemblySettings>
		<DataAssemblySettings Name="DIntMon" TypePath="MTPDataObjectSUCLib/DataAssembly/IndicatorElement/DIntView/DIntMon" HmiType="LMTP_DIntMonSymbol" HmiTypeGuid="1e1257c0-72d4-4e1b-b8a6-07c5c4dc006d" HmiHeight="63" HmiWidth="200" HmiTypeCompact="LMTP_DIntMonSymbolCompact" HmiTypeGuidCompact="9f3259c6-ebbe-4cc1-9379-6b326726ba61" HmiHeightCompact="22" HmiWidthCompact="122">
			
		</DataAssemblySettings>
		<DataAssemblySettings Name="AnaManInt" TypePath="MTPDataObjectSUCLib/DataAssembly/OperationElement/AnaMan/AnaManInt" HmiType="LMTP_AnaManIntSymbol" HmiTypeGuid="175eb4e6-d03c-4974-87c4-449a225733ed" HmiHeight="63" HmiWidth="200"  HmiTypeCompact="LMTP_AnaManIntSymbolCompact" HmiTypeGuidCompact="50fa76d0-4a3a-40a3-8b47-4e474843c7c2" HmiHeightCompact="22" HmiWidthCompact="144">
			
		</DataAssemblySettings>
		<DataAssemblySettings Name="AnaMan" TypePath="MTPDataObjectSUCLib/DataAssembly/OperationElement/AnaMan" HmiType="LMTP_AnaManSymbol" HmiTypeGuid="c9cee69a-2af3-496c-99a7-fced323dec49" HmiHeight="63" HmiWidth="200" HmiTypeCompact="LMTP_AnaManSymbolCompact" HmiTypeGuidCompact="7a6a2ee1-a575-40bb-9cf3-53ac30216059" HmiHeightCompact="22" HmiWidthCompact="144">
		
		</DataAssemblySettings>
		<DataAssemblySettings Name="DIntManInt" TypePath="MTPDataObjectSUCLib/DataAssembly/OperationElement/DIntMan/DIntManInt" HmiType="LMTP_DIntManIntSymbol" HmiTypeGuid="67b4b177-67d7-4d56-bccc-58cc770a91b2" HmiHeight="63" HmiWidth="200" HmiTypeCompact="LMTP_DIntManIntSymbolCompact" HmiTypeGuidCompact="da3e5490-c567-4d0a-9dee-a92457408bc9" HmiHeightCompact="22" HmiWidthCompact="144">
			
		</DataAssemblySettings>
		<DataAssemblySettings Name="DIntMan" TypePath="MTPDataObjectSUCLib/DataAssembly/OperationElement/DIntMan" HmiType="LMTP_DIntManSymbol" HmiTypeGuid="afdee0ef-d8ed-4fb1-a91a-6f6da8620dd9" HmiHeight="63" HmiWidth="200" HmiTypeCompact="LMTP_DIntManSymbolCompact" HmiTypeGuidCompact="739a7d6f-3d95-4da7-85fa-834863c96199" HmiHeightCompact="22" HmiWidthCompact="144">
		
		</DataAssemblySettings>
		<DataAssemblySettings Name="BinMon" TypePath="MTPDataObjectSUCLib/DataAssembly/IndicatorElement/BinView/BinMon" HmiType="LMTP_BinMonSymbol" HmiTypeGuid="224f41a5-eafe-4538-8987-19ad56c1c014" HmiHeight="100" HmiWidth="100" HmiTypeCompact="LMTP_BinMonSymbolCompact" HmiTypeGuidCompact="36769ce3-2fce-413c-bbc4-13ab35420276" HmiHeightCompact="70" HmiWidthCompact="70">
			
		</DataAssemblySettings>
		<DataAssemblySettings Name="BinView" TypePath="MTPDataObjectSUCLib/DataAssembly/IndicatorElement/BinView" HmiType="LMTP_BinViewSymbol" HmiTypeGuid="a29e966a-eaef-42f0-97aa-4fcfd16dd7f0" HmiHeight="100" HmiWidth="100" HmiTypeCompact="LMTP_BinViewSymbolCompact" HmiTypeGuidCompact="14bbfb25-e5bc-4593-b12d-db72cd8423f7" HmiHeightCompact="70" HmiWidthCompact="70">
			
		</DataAssemblySettings>
		<DataAssemblySettings Name="BinManInt" TypePath="MTPDataObjectSUCLib/DataAssembly/OperationElement/BinMan/BinManInt" HmiType="LMTP_BinManIntSymbol" HmiTypeGuid="1fa8c9a4-6198-40dc-9d2e-205c10c1665c" HmiHeight="100" HmiWidth="100" HmiTypeCompact="LMTP_BinManIntSymbolCompact" HmiTypeGuidCompact="c0840b9e-6271-4ad2-b326-81cc342b4ff7" HmiHeightCompact="70" HmiWidthCompact="70">
			
		</DataAssemblySettings>
		<DataAssemblySettings Name="BinMan" TypePath="MTPDataObjectSUCLib/DataAssembly/OperationElement/BinMan" HmiType="LMTP_BinManSymbol" HmiTypeGuid="1b8346ef-7a8e-4045-9173-d3f6e4e25690" HmiHeight="100" HmiWidth="100" HmiTypeCompact="LMTP_BinManSymbolCompact"  HmiTypeGuidCompact="4448505d-f035-4f04-b667-837227e82928" HmiHeightCompact="70" HmiWidthCompact="70">
			
		</DataAssemblySettings>
		<DataAssemblySettings Name="BinVlv" TypePath="MTPDataObjectSUCLib/DataAssembly/ActiveElement/BinVlv" HmiType="LMTP_BinVlvSymbol" HmiTypeGuid="32214b0b-a342-41c3-92ef-7ac1bd862112" HmiHeight="100" HmiWidth="100" HmiTypeCompact="LMTP_BinVlvSymbolCompact"  HmiTypeGuidCompact="ab0168a0-21db-428d-9990-e68f7853030f" HmiHeightCompact="80" HmiWidthCompact="80">
			
		</DataAssemblySettings>
		<DataAssemblySettings Name="MonBinVlv" TypePath="MTPDataObjectSUCLib/DataAssembly/ActiveElement/BinVlv/MonBinVlv" HmiType="LMTP_MonBinVlvSymbol" HmiTypeGuid="7eea1f59-d4af-473f-acc8-9013105fce26" HmiHeight="100" HmiWidth="100" HmiTypeCompact="LMTP_MonBinVlvSymbolCompact"  HmiTypeGuidCompact="6aa8417f-4437-46c4-9e9d-32cb04378d86" HmiHeightCompact="80" HmiWidthCompact="80">
			
		</DataAssemblySettings>
		<DataAssemblySettings Name="MonAnaDrv" TypePath="MTPDataObjectSUCLib/DataAssembly/ActiveElement/AnaDrv/MonAnaDrv" HmiType="LMTP_MonAnaDrvSymbol" HmiTypeGuid="fb87d48c-4050-414c-af6f-696df232998b" HmiHeight="162" HmiWidth="200" HmiTypeCompact="LMTP_MonAnaDrvSymbolCompact"  HmiTypeGuidCompact="ab5682d2-7834-4c65-8e9e-95de268fdfa7" HmiHeightCompact="100" HmiWidthCompact="100">
			
		</DataAssemblySettings>
		<DataAssemblySettings Name="AnaDrv" TypePath="MTPDataObjectSUCLib/DataAssembly/ActiveElement/AnaDrv" HmiType="LMTP_AnaDrvSymbol" HmiTypeGuid="d36780de-ec13-4d96-a9f5-1a4959cce908" HmiHeight="162" HmiWidth="200" HmiTypeCompact="LMTP_AnaDrvSymbolCompact" HmiTypeGuidCompact="48488ab3-a891-4497-8b74-5bf97287336c" HmiHeightCompact="100" HmiWidthCompact="100">
			
		</DataAssemblySettings>
		<DataAssemblySettings Name="MonBinDrv" TypePath="MTPDataObjectSUCLib/DataAssembly/ActiveElement/BinDrv/MonBinDrv" HmiType="LMTP_MonBinDrvSymbol" HmiTypeGuid="144f82d7-83d8-4c71-9410-8118f9d160e0" HmiHeight="100" HmiWidth="100" HmiTypeCompact="LMTP_MonBinDrvSymbolCompact" HmiTypeGuidCompact="96334831-82c5-4a13-aba6-c8faae6cafc0" HmiHeightCompact="80" HmiWidthCompact="80">
			
		</DataAssemblySettings>
		<DataAssemblySettings Name="BinDrv" TypePath="MTPDataObjectSUCLib/DataAssembly/ActiveElement/BinDrv" HmiType="LMTP_BinDrvSymbol" HmiTypeGuid="0dc5fa6e-0019-4b43-bbd8-cd918e92fc60" HmiHeight="100" HmiWidth="100" HmiTypeCompact="LMTP_BinDrvSymbolCompact" HmiTypeGuidCompact="27fa5e73-f800-453e-be07-f0cb0a2c7af4" HmiHeightCompact="80" HmiWidthCompact="80">
			
		</DataAssemblySettings>
		<DataAssemblySettings Name="LockView4" TypePath="MTPDataObjectSUCLib/DataAssembly/DiagnosticElement/LockView4" HmiType="LMTP_LockView4Symbol" HmiTypeGuid="f21b4830-4589-4db3-854a-32d39d6f1ab3" HmiHeight="44" HmiWidth="100" HmiTypeCompact="LMTP_LockView4SymbolCompact" HmiTypeGuidCompact="03cb7e32-7c63-4f38-8576-6bf3319c95fb" HmiHeightCompact="22" HmiWidthCompact="22">
			
		</DataAssemblySettings>
		<DataAssemblySettings Name="LockView8" TypePath="MTPDataObjectSUCLib/DataAssembly/DiagnosticElement/LockView4/LockView8" HmiType="LMTP_LockView8Symbol" HmiTypeGuid="bebcbfe3-063b-45d1-a00f-0a10d42b351d" HmiHeight="44" HmiWidth="100" HmiTypeCompact="LMTP_LockView8SymbolCompact" HmiTypeGuidCompact="8fc1454b-4c66-4202-a2b4-db9011bed89d" HmiHeightCompact="22" HmiWidthCompact="22">
			
		</DataAssemblySettings>
		<DataAssemblySettings Name="AnaVlv" TypePath="MTPDataObjectSUCLib/DataAssembly/ActiveElement/AnaVlv" HmiType="LMTP_AnaVlvSymbol" HmiTypeGuid="38259e91-97b0-4eea-ad83-9136bcd3e59c" HmiHeight="162" HmiWidth="200" HmiTypeCompact="LMTP_AnaVlvSymbolCompact" HmiTypeGuidCompact="e2972b3d-5ae3-4540-bd14-e7bd96e6f483" HmiHeightCompact="100" HmiWidthCompact="100">
			
		</DataAssemblySettings>
		<DataAssemblySettings Name="MonAnaVlv" TypePath="MTPDataObjectSUCLib/DataAssembly/ActiveElement/AnaVlv/MonAnaVlv" HmiType="LMTP_MonAnaVlvSymbol" HmiTypeGuid="6d3cb9f5-66ed-47a6-9749-62346463fff5" HmiHeight="162" HmiWidth="200" HmiTypeCompact="LMTP_MonAnaVlvSymbolCompact" HmiTypeGuidCompact="764b0c4a-f374-4cc9-8407-724fe6d5b5f1" HmiHeightCompact="100" HmiWidthCompact="100">
			
		</DataAssemblySettings>
		<DataAssemblySettings Name="PIDCtrl" TypePath="MTPDataObjectSUCLib/DataAssembly/ActiveElement/PIDCtrl" HmiType="LMTP_PIDCtrlSymbol" HmiTypeGuid="1e90da5b-98cf-4904-96b5-feab9ec1d827" HmiHeight="100" HmiWidth="200" HmiTypeCompact="LMTP_PIDCtrlSymbolCompact" HmiTypeGuidCompact="bf457730-76d2-4a9e-8a89-c9203eab4780" HmiHeightCompact="44" HmiWidthCompact="144">
			
		</DataAssemblySettings>
		<DataAssemblySettings Name="StringServParam" TypePath="MTPDataObjectSUCLib/DataAssembly/ServiceElement/ParameterElement/StringServParam" HmiType="" HmiTypeGuid="" HmiHeight="" HmiWidth=""  HmiTypeCompact="" HmiTypeGuidCompact="" HmiHeightCompact="" HmiWidthCompact="">
			
		</DataAssemblySettings>
		<DataAssemblySettings Name="DIntServParam" TypePath="MTPDataObjectSUCLib/DataAssembly/ServiceElement/ParameterElement/DIntServParam" HmiType="" HmiTypeGuid="" HmiHeight="" HmiWidth=""  HmiTypeCompact="" HmiTypeGuidCompact="" HmiHeightCompact="" HmiWidthCompact="">
			
		</DataAssemblySettings>
		<DataAssemblySettings Name="ServiceControl" TypePath="MTPDataObjectSUCLib/DataAssembly/ServiceElement/ServiceControl" HmiType="LMTP_SerCtrlSymbol" HmiTypeGuid="eae573b6-0b79-471d-924f-26ae7c6ba3c0" HmiHeight="112" HmiWidth="200" HmiTypeCompact="LMTP_SerCtrlSymbolCompact" HmiTypeGuidCompact="941b9f55-e670-46fd-a5c3-ba08ebc69478" HmiHeightCompact="80" HmiWidthCompact="122">
			
		</DataAssemblySettings>
		<DataAssemblySettings Name="ProcedureHealthView" TypePath="MTPDataObjectSUCLib/DataAssembly/ServiceElement/ProcedureHealthView" HmiType="" HmiTypeGuid="" HmiHeight="" HmiWidth="" HmiTypeCompact="" HmiTypeGuidCompact="" HmiHeightCompact="" HmiWidthCompact="">
		
		</DataAssemblySettings>
		<DataAssemblySettings Name="AnaServParam" TypePath="MTPDataObjectSUCLib/DataAssembly/ServiceElement/ParameterElement/AnaServParam" HmiType="" HmiTypeGuid="" HmiHeight="" HmiWidth="" HmiTypeCompact="" HmiTypeGuidCompact="" HmiHeightCompact="" HmiWidthCompact="">
			
		</DataAssemblySettings>
		<DataAssemblySettings Name="AnaProcessValueIn" TypePath="MTPDataObjectSUCLib/DataAssembly/InputElement/AnaProcessValueIn" HmiType="" HmiTypeGuid="" HmiHeight="" HmiWidth="" HmiTypeCompact="" HmiTypeGuidCompact="" HmiHeightCompact="" HmiWidthCompact="">
			
		</DataAssemblySettings>
		<DataAssemblySettings Name="DIntProcessValueIn" TypePath="MTPDataObjectSUCLib/DataAssembly/InputElement/DIntProcessValueIn" HmiType="" HmiTypeGuid="" HmiHeight="" HmiWidth="" HmiTypeCompact="" HmiTypeGuidCompact="" HmiHeightCompact="" HmiWidthCompact="">
			
		</DataAssemblySettings>
		<DataAssemblySettings Name="BinServParam" TypePath="MTPDataObjectSUCLib/DataAssembly/ServiceElement/ParameterElement/BinServParam" HmiType="" HmiTypeGuid="" HmiHeight="" HmiWidth="" HmiTypeCompact="" HmiTypeGuidCompact="" HmiHeightCompact="" HmiWidthCompact="">
			
		</DataAssemblySettings>
		<DataAssemblySettings Name="BinProcessValueIn" TypePath="MTPDataObjectSUCLib/DataAssembly/InputElement/BinProcessValueIn" HmiType="" HmiTypeGuid="" HmiHeight="" HmiWidth="" HmiTypeCompact="" HmiTypeGuidCompact="" HmiHeightCompact="" HmiWidthCompact="">
			
		</DataAssemblySettings>
		<DataAssemblySettings Name="StringProcessValueIn" TypePath="MTPDataObjectSUCLib/DataAssembly/InputElement/StringProcessValueIn" HmiType="" HmiTypeGuid="" HmiHeight="" HmiWidth="" HmiTypeCompact="" HmiTypeGuidCompact="" HmiHeightCompact="" HmiWidthCompact="">
			
		</DataAssemblySettings>
		<DataAssemblySettings Name="StringView" TypePath="MTPDataObjectSUCLib/DataAssembly/IndicatorElement/StringView" HmiType="LMTP_StringViewSymbol" HmiTypeGuid="0bf9e413-c8f5-4ddf-a83c-cde3f6fcbaaa" HmiHeight="56" HmiWidth="150" HmiTypeCompact="LMTP_StringViewSymbolCompact" HmiTypeGuidCompact="7760ec7d-e1b8-4659-bf04-d96bece2e96a" HmiHeightCompact="22" HmiWidthCompact="172">
		
		</DataAssemblySettings>
		<DataAssemblySettings Name="AlarmView" TypePath="MTPDataObjectSUCLib/DataAssembly/EventView/AlarmView" HmiType="" HmiTypeGuid="" HmiHeight="" HmiWidth=""  HmiTypeCompact="" HmiTypeGuidCompact="" HmiHeightCompact="" HmiWidthCompact="">
		</DataAssemblySettings>
	</MtpSetting>
	<MtpSetting Type="Part4">
	</MtpSetting>
</Settings>
