<?xml version="1.0" encoding="utf-8" ?>
<Types>
  <Type type="BinMon">objects\BinMon\BinMonRef.xml</Type>
  <Type type="AnaMon">objects\AnaMon\AnaMonRef.xml</Type>
  <Type type="BinManInt">objects\BinManInt\BinManIntRef.xml</Type>
  <Type type="AnaManInt">objects\AnaManInt\AnaManIntRef.xml</Type>
  <Type type="MtpBarIndicator">objects\MtpBarIndicator\MtpBarIndicator.xml</Type>
  <Type type="LockView4">objects\LockView4\LockView4Ref.xml</Type>
  <Type type="MonAnaDrv">objects\MonAnaDrv\MonAnaDrvRef.xml</Type>
  <Type type="MonBinDrv">objects\MonBinDrv\MonBinDrvRef.xml</Type>
  <Type type="MonBinVlv">objects\MonBinVlv\MonBinVlvRef.xml</Type>
  <Type type="PIDCtrl">objects\PIDCtrl\PIDCtrlRef.xml</Type>
  <Type type="ServiceControl">objects\Services\ServicesRef.xml</Type>
</Types>